product_name,product_brand,product_rating,product_price
64 GB Metal Usb Flash Bellek,Powerway,(1479),"74,90 TL"
MG3710/15 Multigroom 3000 Series 6 in 1 Erkek Bakım Kiti,Philips,(10447),"503,90 TL"
Airfryer 4.5l Akıllı Yağsız Hava Fritözü,Wiami,(92),1.849 TL
32 GB Metal Usb Flash Bellek,Powerway,(890),"54,90 TL"
Yağ Ölçer Fonksiyonlu Baskül Akıllı Bluetooth Tartı,comedones,(2784),"153,89 TL"
Profesyonel Seramik Wag Şu Dalgası Saç Maşası 220 Derece 25 Mm,CVS,(295),291 TL
Daily Collection Siyah Filtre Kahve Makinesi,Philips,(6680),"742,50 TL"
Lia Katlanabilir Seyahat Tipi Saç Kurutma Makinesi,Raks,(6060),178 TL
64 Gb Micro Sd Hafıza Kartı Adaptör Dahil,Powerway,(1094),"82,90 TL"
Xiaomi mi Band 3 Ve Mi Band 4 Uyumlu Silikon Kordon Siyah (SADECE KORDON),UNIQUE ME,(211),"12,95 TL"
Iphone 11 Uyumlu Mat Şeffaf Hux Kilif,Go Aksesuar,(409),"41,32 TL"
Ar1004 Soprano Max Multi 1000 w Blender Seti,Arzum,(3934),"799,90 TL"
"Tab M8 TB-8505F 32GB 8"" ZA5G0100TR IPS Gri Tablet (Lenovo Türkiye Garantili)",LENOVO,(640),1.299 TL
Iphone 11 Logolu 12 Görünümlü Grafity Lansman Kılıf,Go Aksesuar,(2134),"55,98 TL"
Iphone 11 Logolu Lansman Kılıf Kamera Korumalı Fıstık Yeşil,TrendCell,(462),"29,99 TL"
"Serisi 15.6"" Inç Siyah Evrak Bilgisayar Notebook Laptop Çantası",Moda West,(2334),"114,31 TL"
Smw-777 Kablosuz Siyah Optik Mouse,Everest,(6179),77 TL
Fc9750/07 Powerpro Max Torbasız Elektrikli Süpürge,Philips,(5005),"3.761,01 TL"
Iphone Şarj Aleti (İPHONE 13 - 12 - 11 - X-8-7-6) 2.1a Orjinal Hızlı Şarj Aleti,Ttec,(1246),"119,48 TL"
Windows 10 Pro Orjinal Dijital Lisans Anahtarı,Microsoft Studios,(17),7 TL
"Gx40q17225 Case 15.6"" Toploader B210 Notebook Sırt Çantası Siyah",LENOVO,(441),"250,99 TL"
Iphone 11/12 Uyumlu Swarowski Taşlı Silver Kamera Lens Koruyucu,Powerfox,(152),"24,99 TL"
Kroko Siyah Macbook Air Pro 13-14-15.6 Inç Darbeye Karşı Korumalı Laptop Çantası,D'VERS,(1899),"140,71 TL"
Iphone Tüm Serilerle Uyumlu Hızlı Şarj Aleti Kablo Adaptör Set Iphone 11 / 12 / 13 / Pro / Pro Max,Techomi,(20),"85,03 TL"
20000 Mah Powerbank Taşınabilir Şarj Cihazı Mi Powerbank,Xiomar,(38),"174,22 TL"
Siyah Macbook Air Pro 13-14-15.6 Inç Darbeye Karşı Korumalı Laptop Çantası,D'VERS,(1400),"140,71 TL"
"Galaxy Tab A8 10,5 Wifi 3/32 Gb Sm-x200 Silver",Samsung,(303),"2.999,49 TL"
Nokıa 112 Tuşlu Kamerasız Cep Telefonu,mydeppo,(78),339 TL
Iphone 11 (6.1') Uyumlu Altı Kapalı Logolu Lansman Kılıf Kapak Buz Mavi,TrendCell,(235),"29,99 TL"
"Siyah Su Geçirmez Fermuar Detaylı Unisex 15-15,6 Inç Uyumlu Macbook Kılıf Notebook Laptop Çantası",D'VERS,(356),"92,31 TL"
Goldiacase Taşlı Telefon Bilek Askısı,moz dekorasyon,(922),"23,45 TL"
Apple Ipad 8. Ve 9. Nesil 10.2 Uyumlu Kılıf Katlanır Kalemlikli Standlı Uyku Modlu Akıllı Kılıf,Fibaks,(104),"189,90 TL"
Iphone 11 Uyumlu Logolu Içi Kadife Lansman Kılıf Kapak Beyaz,TrendCell,(95),"29,99 TL"
Iphone 11 Uyumlu Papatya Desenli Kılıf,Go Aksesuar,(619),"60,84 TL"
DeathAdder Essential Siyah Optik Gaming Mouse RZ01-02540100-R3M1,RAZER,(1836),279 TL
Iphone 11 Logolu Lansman Lila Kılıf Altı Kapalı Iç Kısmı Kadife,TrendCell,(391),"29,99 TL"
Ataelektronik Sihirli Akıllı Mouse Kumanda Yerine Tüm Model Smart 3d Tv Televizyon Tuşlu Kumanda 930,LG,(980),"29,89 TL"
"Multifry Beyaz Air Fryer Yağsız Fritöz 3,5 L",Karaca,(183),1.999 TL
Airfryer 3.5l Akıllı Yağsız Hava Fritözü,Wiami,(37),1.649 TL
Iphone 11 Uyumlu Logolu Altı Kapalı Içi Kadife Lansman,Go Aksesuar,(20),"29,99 TL"
Powerbank Ultra Compact 10000 Mah Dlp Seri Dlp1810nb/62 Taşınabilir Şarj Cihazı Çift Usb Çıkışı,Philips,(1757),239 TL
Ar6030 Steampro Plus Buharlı Ütü - Mavi,Arzum,(65),"434,90 TL"
Xiaomi Mi Band 5 Ve 6 Uyumlu Kordon Seti 5li,APEXEL,(466),"59,40 TL"
Xiaomi Mi Band 3/4 Uyumlu Desenli Kordon Siyah,APEXEL,(1321),"20,85 TL"
Iphone 11 6d Tam Kaplayan Ceramic Nano Ekran Koruyucu Film,Go Aksesuar,(703),"23,81 TL"
Redmi Watch 2 Lite Bej Akıllı Saat 2022 Yeni Model (Xiaomi Türkiye Garantili),Xiaomi,(78),"1.028,90 TL"
Kalp Desenli Iphone 11 Kılıf,moodcase,(332),"36,10 TL"
Iphone 13 Arka Kırılmaz Cam Ekran Koruyucu,Powerfox,(106),"16,99 TL"
Phililps Essential Kablolu Epilatör,Philips,(3401),"386,06 TL"
Iphone 11 Kılıf Magsafe Köşeleri Renkli Lüx Şeffaf Kamera Korumalı Silikon,Ceponya,(17),108 TL
"17"" Siyah Notebook Laptop Bilgisayar Sırt Çantası-s",RELIANCE,(684),"139,90 TL"
Watch 7 Max Dt 7 Max Smartwatch 2022 Yeni Nesil Akıllı Saat Konum Ve Nfc Özellikli Siyah,ShinyWATCH,(309),"599,90 TL"
Iphone 11 Casetify Manifest Your Vision Desenli Anti Shock Premium Silikonlu Siyah Kenar Detaylı Tel,mooodcase,(435),"59,17 TL"
Xiaomi Mi Watch Lite Kordon Akıllı Saat Bileklik Kordonu Silikon Kayış,Fibaks,(265),"59,90 TL"
32kh 32 Inç 55-82 Cm Iki Kol Kelebek Hareketli Askı Aparatı,UFİX,(281),"95,78 TL"
Pudra Macbook Air Pro 13 13.3-14 Inç Darbeye Karşı Korumalı Laptop Çantası,D'VERS,(906),"140,71 TL"
"Unisex West Serisi 15.6"" Inç Gri Evrak Bilgisayar Notebook Laptop Çantası",Moda West,(1534),"114,31 TL"
Iphone 11 Kılıf Magsafe Köşeleri Renkli Lüx Şeffaf Kamera Korumalı,Ceponya,(73),"118,20 TL"
Samsung Orjinal Type-c S8 - S8+ - A3 A5 A7 2017hızlı Şarj Aleti,Universal,(85),"87,50 TL"
Iphone 11 Yuvarlak Kamera Tasarımlı Yumuşak Silikon Kamera Korumalı Kılıf,Go Aksesuar,(238),"80,30 TL"
"Siyah Su Geçirmez Kumaş Su Geçirmez Fermuar Detaylı 15-15,6inch Uyumlu Unisex Laptop Evrak Çantası",D'VERS,(1458),"127,51 TL"
Su Geçirmez Fermuar Detaylı 15.6 Inch Uyumlu Siyah Sırt Çantası,D'VERS,(331),"158,31 TL"
"Ipad 9. Nesil 10.2"" Kılıf Uyumlu Kalem Bölmeli Folding Smart Standlı Yumuşak Silikon Tam Koruma",Fibaks,(67),"189,90 TL"
Airtag Akıllı Takip Cihazı (Apple Türkiye Garantili),Apple,(289),598 TL
"15,6""-17,6"" Siyah Notebook Laptop Bilgisayar Sırt Çantası",RELIANCE,(203),"159,90 TL"
Iphone 11 Logolu Kamera Korumalı Okyanus Lacivert Renk Lansman Içi Kadife Aa Kalite Uyumlu,Go Aksesuar,(519),"29,99 TL"
Xiaomi Mi Band 5 | Mi Band 6 Uyumlu Silikon Yüksek Kalite Kordon Kayış,CONOCER,(250),"18,99 TL"
"Ipad 8. Nesil 2020 10.2"" Uyumlu Ekran Koruyucu Nano Esnek Flexible 9h Micro Temperli Kırılmaz Cam",Fibaks,(65),"49,99 TL"
"A359 Demkolik Sade 1600 W Çelik Çay Makinesi 1,8 0,9 Lt",KORKMAZ,(1032),"741,98 TL"
S5 Max 2li Uyumlu Uygun Mop Fiber Yedek Bezi,Roborock,(728),"127,71 TL"
VIA.S30 4GB 64GB 10’’ FHD Tablet,Casper,(286),2.773 TL
Iphone 11 Uyumlu 12 Görünümlü Logolu Lila Renk Lansman Içi Kadife Aa Kalite,Go Aksesuar,(937),"44,90 TL"
Samsung Galaxy Tab S6 Lite P610 Uyumlu Kalem Bölmeli Pu Deri Arkası Yumuşak Koruyucu Silikon Kılıf,Fibaks,(205),"189,90 TL"
Iphone 11 Arka Esnek Nano Koruyucu,Powerfox,(248),"16,99 TL"
Rm-420 Black Eagle 27 Fhd 165hz Ips Panel Vga + Hdmı*2 + Dp Flat Pc Oyuncu Monitörü,Rampage,(32),"3.297,99 TL"
Iphone 11 Uyumlu Kamera Lens Koruyucu,Go Aksesuar,(448),"23,79 TL"
Laptop Notebook Kamera Kapatıcı Ve Telefon Kamera Kapatıcı X 3'lü Set,Webcam Cover,(1560),"11,73 TL"
"Tab M10 Plus Tb-x606f 10.3"" 128gb Wifi + Bluetooth Tablet Za6h0025tr",LENOVO,(305),"3.519,10 TL"
S5 Max Uyumlu 5 Kollu Yan Fırça 2'li,Roborock,(300),79 TL
Beko Altus Grundig Smart Lcd Led Tv Televizyon Kumandası Netflix Tuşlu,Arçelik,(748),"29,99 TL"
"TUF Gaming VG27VQ 27"" 165 Hz 1ms (HDMI+Display+DVI-D) FreeSync Full HD Curved Monitör",ASUS,(145),"4.582,49 TL"
Hd9951/00 Airfryer Xxl Izgara Ustası Seti,Philips,(24),538 TL
Iphone 11 Mat Seramik Nano Cam Ekran Koruyucu,Go Aksesuar,(487),"25,54 TL"
Xiaomi Mi Band 3 Ve 4 Uyumlu 5'li Kordon Seti,APEXEL,(848),"58,50 TL"
Bilek Destekli Siyah Renkli Baskılı Oval Mouse Pad,MAĞAZA DEPOM,(174),"25,30 TL"
Recharger Duo+ Iphone Lightning Dahili Kablolu Taşınabilir Şarj Alet i10.000mah Siyah Powerbank,Ttec,(832),"216,49 TL"
"Profesyonel Klasik 25mm Wag Maşa Seramik Kaplama, Geniş Ve Doğal Şekillendirme Yüzeyi",Shibowavy,(966),299 TL
Iphone 11 Kamera Korumalı Business Darbe Emici Dayanıklı Siyah Kılıf,Bel Caso,(774),"29,90 TL"
Iphone 11 Logolu Leylak Lansman Içi Kadife Aa Kalite,Go Aksesuar,(145),"29,99 TL"
Game Master 120 Gb Ssd Sata3 550-500 Okuma-yazma,Qcell,(178),"221,73 TL"
Iphone 13 Pro Max Uyumlu Kılıf Magsafe Köşeleri Renkli Şeffaf Kamera Korumalı Silikon Kapak,Ceponya,(19),118 TL
Apple Ipad 10.2 (8. VE 9. NESİL) Tri Folding Tablet Kılıfı A2270 A2428 A2429 A2430 Siyah,Nezih Case,(416),"184,90 TL"
Iphone 6 / 6s Anti Şok Darbe Emici Silikon Şeffaf Kılıf Kapak,Teknoçeri,(1126),"29,90 TL"
Iphone 11 Uyumlu Siyah Kamera Lens Korumalı Dünya Harita Desenli Lüx Telefon Kılıfı,mooodcase,(717),"44,90 TL"
Apple Iphone 11 (6.1) Darbe Önleyici Kamera Korumalı Şeffaf Silikon Kılıf Aa Kalite,Go Aksesuar,(749),"23,80 TL"
Iphone 11 /iphone Xr Kavisli Gizlilik Filtreli Hayalet Cam Ekran Koruyucu,Go Aksesuar,(349),"34,25 TL"
Iphone 7 Plus / 8 Plus Şok Darbe Emici Şeffaf Silikon Kılıf,Teknoçeri,(2281),"29,90 TL"
Apple Watch 7 8 45mm Kılıf Kasa Ve Ekran Koruyucu 360 Tam Koruma Kapak,Fibaks,(180),"59,99 TL"
Iphone 11 Manzara Desenli Kamera Korumalı Kılıf,Go Aksesuar,(161),"70,61 TL"
Mini Ev Dikiş Makinesi Pedallı Sewıng Machine,BST BRANDSHOPPİNGTR,(736),299 TL
Fc 9919 Marathon Ultimate Triactive Plus Emici Başlık,Philips,(364),124 TL
Hbs 1010 700 Watt 3’ü 1 Arada El Blender Seti,Grundig,(1252),415 TL
Profesyonel T-bıçak Saç Sakal Ense Ve Çizim Tıraş Makinesi Th-8005,SMARTBLUE,(83),"238,90 TL"
S5 - S6 Max S50 - S55 Uyumlu Hepa Filtre,Roborock,(260),79 TL
Xiaomi Mi Band 3 Ve 4 Uyumlu Silikon Yüksek Kalite Kordon Kayış,CONOCER,(533),"18,99 TL"
Apple Watch Uyumlu 38 40 mm Örgülü Esnek Kordon,TT Option,(398),69 TL
Ko-40 Tahdf 60 Cm Siyah Cam Ankastre Ocak,KUMTEL,(203),1.199 TL
Iphone 13 Pro Max Arka Kırılmaz Cam Ekran Koruyucu,Powerfox,(114),"15,99 TL"
Otomatik Saç Maşası - Kalın Su Dalgası 25mm Extra Uzun Başlıklı,Shibowavy,(855),"395,01 TL"
Xiaomi Mi Band 5 Ve 6 Uyumlu Kordon Seti 3lü,PUFWİN,(660),"41,78 TL"
"15.6"" Inç Siyah Evrak Bilgisayar Notebook Laptop Çantası",Moda West,(528),"96,71 TL"
Matepad T10s 10.1 Inç Kılıf Uyumlu Dönebilen Kılıf Ekran Koruyucu Dokunmatik Kalem,Huawei,(71),129 TL
Samsung Galaxy Tab S6 Lite P610 Uyumlu Kalem Bölmeli Pu Deri Arkası Yumuşak Koruyucu Silikon Kılıf,Fibaks,(118),"189,90 TL"
"Ipad 9. Nesil 10.2"" Uyumlu Kılıf Kalem Bölmeli Tri Folding Smart Standlı Yumuşak Silikon Tam Koruma",Fibaks,(30),"189,90 TL"
"S400 128gb 550mb 500mbs Sata3 2,5 Gaming Ssd",IZOLY,(110),228 TL
Gece Görüşlü 360 Derece Led Işık 1080p Wifi Kamera Kablosuz Panoramik Ev Güvenlik Kamersı,BiNtech,(22),445 TL
Collector Hepa Filtreli Şarjlı El Süpürgesi,Fakir,(786),"679,35 TL"
Krem Macbook Air Pro 13 13.3-14 Inç Darbeye Karşı Korumalı Laptop Çantası,D'VERS,(643),"140,71 TL"
Uyumlu Xiaomi Mi Band 4 Usb Şarj Cihazı Dock Kablosu Yüksek Kalite Kordon Kayış,NARİTA,(341),"28,60 TL"
Mini Pro Led Ekran 10.000 Mah 2 Çıkışlı Taşınabilir Şarj Cihazı Powerbank siyah,İntouch,(178),"180,51 TL"
"Ipad 9. Uyumlu Nesil 10.2"" Kılıf Kalem Bölmeli Tri Folding Smart Standlı Yumuşak Silikon Tam Koruma",Fibaks,(37),"189,90 TL"
Iphone 11 Uyumlu Kılıf Köşeleri Renkli Şeffaf Kamera Korumalı Silikon Kuxury Kapak,Ceponya,(14),85 TL
Kablolu Klavye &amp; Mouse Seti,Deiog Marka,(2004),"132,13 TL"
Scart Uydu Elektromaster Kgs 2100,Electro Master,(83),134 TL
Instax Mini 7 8 9 10 11 Uyumlu (10) Poz,Fujifilm,(567),169 TL
Iphone 11 Minik Kalpler Beyaz Desenli Şeffaf Telefon Kılıfı,butikcase,(47),"28,91 TL"
"Matepad T10 4gb Bellek 64gb Hafıza 9.7"" Tablet Deniz Mavisi",Huawei,(38),2.199 TL
OneBlade Şekillendirici Tıraş Makinesi (Yüz&amp;Vücut) -,Philips,(261),899 TL
Iphone Usb-c To Lightning Hızlı Şarj Ve Data Kablosu,whodes,(15),29 TL
Hp8361/00 Procare Keratin Saç Düzleştirici,Philips,(2534),2.389 TL
Iphone 11 Logolu Vişne (KÖŞELİ 12 GÖRÜNÜMLÜ)lansman Içi Kadife Aa Kalite,Go Aksesuar,(389),"42,34 TL"
Bluetooth Kablosuz Kulaklık Temizleme Kalemi Aparatı Temizleme Kiti,LEV AKSESUAR,(169),"56,72 TL"
Xiaomi Mi Watch Lite Kordon Akıllı Saat Bileklik Kordonu Silikon Kayış,Fibaks,(109),"59,90 TL"
Dokunmatik Tablet Akıllı Tahta Telefon Kalemi - Üniversal Silikon Uçlu Tablet Telefon Kalemi,MİRAKSESUAR,(11),"9,90 TL"
Şeffaf Iphone 12/12 Pro Magsafe Özellikli Kılıf,ALBTEKS,(244),"53,53 TL"
S5 Max 2li Mop Fiber Yedek Bezi,Roborock,(194),"138,60 TL"
Iphone 11 Uyumlu Kiraz Desenli Kılıf,Go Aksesuar,(162),"52,11 TL"
Iphone 13 Pro Ve 13 Pro Max Uyumlu Kamera Koruyucu Lens,Fibaks,(50),"29,99 TL"
Rowenta Ro 3751 Ta Compact Power Cyclonic Hepa Filtre Seti,Bosch,(21),60 TL
Ar1108 Smarty Neo 900 w Blender Seti,Arzum,(2680),"489,90 TL"
"Tab M10 2.3ghz 4 64 10.1"" 1280x800 Ips Za6w0121tr Gri Tablet (Lenovo Türkiye Garantili)",LENOVO,(162),2.671 TL
Elektrikli Setüstü Hotplate Ocak (lx-7021),KUMTEL,(731),549 TL
Iphone 11 Manzara Desenli Kamera Korumalı Kılıf,Go Aksesuar,(192),"70,75 TL"
"Iphone 11 Uyumlu 6.1"" Kenarları Renkli Kamera Korumalı Transparan Kılıf",Teknoçeri,(1608),"29,90 TL"
"120 Gb Ssd Bg-1071, Sata-3, 2.5""/7mm, 540mb/sn'e Kadar",Bugatek,(407),"243,46 TL"
Macbook Air Ve Ultrabook 13 -13.3 &amp; 14 Inc Uyumlu Su Geçirmez Özellikli Kılıf,D'VERS,(327),"92,31 TL"
"Füme Su Geçirmez Fermuar Detaylı Unisex 15-15,6 Inç Uyumlu Macbook Kılıf Notebook Laptop Çantası",D'VERS,(200),"92,31 TL"
Akıllı Robot Süpürge Filtre Seti - Mijia1c - Stytj01zhm Uyumlu,Xiaomi,(761),"199,75 TL"
Samsung Galaxy Tab S6 Lite P610 Uyumlu Kalem Bölmeli Pu Deri Arkası Yumuşak Koruyucu Silikon Kılıf,Fibaks,(65),"189,90 TL"
"Via S48 8"" 32gb Ips Tablet",Casper,(444),1.549 TL
"LS22F350FHRXUF 21.5"" 60Hz 5ms (Analog+HDMI) Full HD LED Monitör",Samsung,(33),1.898 TL
"15.6"" Inç Su Geçirmez Kumaş Özellikli Evrak Bilgisayar Notebook Laptop Çantası",Moda West,(784),"101,11 TL"
"Unisex 15,6'' Business Serisi 4 Bölmeli Laptop Evrak Çantası",D'VERS,(716),"149,51 TL"
Xiaomi Mi Band 3 / Mi Band 4 Uyumlu Silikon Kordon Seti (özel Saklama Kutusunda 7 Adet),HOFFICE,(63),"78,20 TL"
"Siyah Su Geçirmez Fermuar Detaylı 15,6inch Darbeye Karşı Korumalı Kılıf Notebook Laptop Çantası",D'VERS,(356),"136,31 TL"
Iphone 13 Pro Max &amp; 13 Pro Uyumlu Alüminyum Alaşım 3d Kamera Lens Koruyucu Sierra Mavisi [3'lü Set],HyperAge,(297),"56,76 TL"
Xiaomi Mi Band 5 Ve 6 Uyumlu Silikon Kordon 7'li Set,APEXEL,(385),"86,46 TL"
Iphone 11 Dünya Harita Desenli Premium Şeffaf Silikonlu Kılıf,mooodcase,(801),"35,76 TL"
Iphone 11 Kılıf Darbelere Dayanıklı Sert Silikon Şeffaf,Telefon Aksesuarları,(305),"20,16 TL"
Xiaomi Mi Watch Lite Kordon Akıllı Saat Bileklik Kordonu Silikon Kayış,Fibaks,(76),"59,90 TL"
Yüz Temizleyici Epilasyon Aleti,Flawless,(780),"58,90 TL"
"5000 Series Saç Düzleştirici ;Argan Yağı Katkılı Plakalar, Thermo Shield Teknoloji",Philips,(255),1.138 TL
UB400 Bluetooth 4.0 Mini USB Adaptör,Tp-Link,(891),"128,99 TL"
Elektronik Sihirli Akıllı Mouse Kumanda Yerine Tüm Model Smart 3d Tv Televizyon Tuşlu Kumanda,LG,(106),"29,89 TL"
Kroko Siyah Unisex 13 - 13.3 - 14 Inç Uyumlu Macbook Kılıf Notebook Laptop Çantası,D'VERS,(348),"127,51 TL"
Apple Iphone 11 Tam Uyumlu Kılıf Parlak Kamera Lens Koruyuculu Luxury Design,Zore,(6),"64,80 TL"
Gm 22 Pro Şeffaf Silikon Kılıf Orijinal Tam Uyumlu Baristrend (G702),General Mobile,(97),"29,20 TL"
Tostçu Neo Granite 1800 W Granit Tost Makinesi Ar2035,Arzum,(359),"807,40 TL"
X515ma-br468 Intel N4020 4gb Ram 256gb Ssd 15.6'' Hd Freedos,ASUS,(5),5.099 TL
Crystal Eraser Epilasyon Aleti Tüy Silgisi Kristal Epilatör Siyah,THE LADY BEAUTY SHOP,(98),"98,99 TL"
Iphone 14 Pro Uyumlu Kılıf Magsafe Wireless Kablosuz Şarj Destekli Sararmaz Şeffaf Darbe Emici Kapak,Fibaks,(12),"134,99 TL"
Profesyonel Elektrikli Saç Düzleştirici Tarak Fast Hair Straightenerr Extra Kalite,SİRANUS,(2),219 TL
Ipad Air 5 Ve Air 4.nesil 10.9 Ekran Koruyucu Nano Esnek Cam Hdrt,HopyKent,(66),"121,54 TL"
Samsung Galaxy Fit 2 Kordon Spor Silikon Siyah,Regetto,(28),"79,90 TL"
Iphone 13 Pro Ve 13 Pro Max Uyumlu Kamera Koruyucu Lens,Fibaks,(43),"29,99 TL"
Iphone 13 Uyumlu Lacivert Lansman Içi Kadife Silikon Logolu Kılıf,TrendCell,(157),"29,99 TL"
Trendfit Dijital Lcd Ekran Temperli Cam 180 Kg Kapasiteli Banyo Baskül Tartı,GoldMaster,(1383),"159,90 TL"
Iphone 14 Pro Kılıf Kamera Çıkıntılı Sararmaz Şeffaf Sert Metal Buton Pürüzsüz Kapak Uyumlu,Fibaks,(3),"108,90 TL"
Gece Görüşlü Kablosuz Bebek Izleme Kamerası Wifi Ip Kamera,Tiffany,(51),"396,80 TL"
Iphone 7 / 8 / Se 2020 Şok Darbe Emici Şeffaf Silikon Kılıf,Teknoçeri,(1807),"29,90 TL"
Apple Iphone 7plus 8plus Uyumlu Temperli Şeffaf Kenarlı Ekran Koruyucu Kırılmaz Telefon Camı 2 Adet,Tria,(387),"29,90 TL"
Rz01-03850100-r3m1 Deathadder Essential Optik Kablolu Siyah Oyuncu Mouse,RAZER,(23),"270,70 TL"
Kablosuz Lazer Sunum Kumandası Tp01,TRILOGIC,(2),"139,41 TL"
Iphone 14 Pro Kılıf Yumuşak Şeffaf Ince Esnek Renksiz Silikon Kapak,Fibaks,(5),"29,99 TL"
Iphone 14 Pro Max Uyumlu Kılıf Kamera Çıkıntılı Koruma Sararmaz Şeffaf A Kalite Arka Kapak,m.tk moveteck,(6),"89,90 TL"
P13 Blue Plus 2022 Silikon Telefon Kılıfı,Reeder,(20),"23,90 TL"
T500 Akıllı Saat Türkçe Menülü Nabız&amp;tansiyon Ölçer Arama Özellikli Ios&amp;anroid Çift Tuş Smartwatch,TECHNOMEN,(109),"209,90 TL"
Xiaomi Mi Watch Lite Kordon Akıllı Saat Bileklik Kordonu Silikon Kayış,Fibaks,(114),"59,90 TL"
Rebera Xiaomi Mi Box S 4k Tv Stick Netflix Prime Video Tuşlu Kumanda,KR,(96),"148,80 TL"
Burun Ve Kulak Kılı Kesme Makinesi Str-4919,Sinbo,(788),"106,92 TL"
K120 USB Kablolu Türkçe Q Klavye - Siyah,logitech,(285),180 TL
Samsung Galaxy Tab S6 Lite P610 Uyumlu Origami Kalem Bölmeli Pu Deri Arkası Yumuşak Silikon Kılıf,Nezih Case,(102),"189,11 TL"
Xiaomi Mi Band 4 Akıllı Bileklik,ALİBU,(23),"149,99 TL"
Soonbox S4406 Disko Ledli Mikrofonlu Işıklı Bluetooth Hoparlör Kablosuz Taşınabilir Speaker,OWWOTECH,(7),340 TL
"Watch SE GPS, 44mm Gold Aluminium Case with Starlight Sport Band - Regular",Apple,(162),6.149 TL
Profesyonel Seramik Wag Şu Dalgası Saç Maşası 220 Derece 25 Mm Kalın Bukle,WENTER,(231),290 TL
"Aspire C24-1650 Intel Core I5 1135g7 8gb 512gb Ssd Freedos 23.8"" Fhd Aıo Dq.bfsem.006",ACER,(6),12.838 TL
"Kulak Içi Mikrofonlu Mobil Pubg Kulaklığı 3,5 Mm Aux Standart Giriş",Xrades,(405),"139,41 TL"
Iphone 13 Pro Max Uyumlu Kılıf Magsafe Köşeleri Renkli Şeffaf Kamera Korumalı Silikon Kapak,Ceponya,(7),113 TL
"Unisex West Serisi 15.6"" Inç Füme Evrak Bilgisayar Notebook Laptop Çantası",Moda West,(86),"114,31 TL"
